run_dir,result_file,w_lpm,w_volatility,w_cost,delta_h,gamma,timesteps,lpm_target,h_min,h_max,n_scenarios,sac_mean_pnl,naive_mean_pnl,diff_mean_pnl_vs_naive,sac_es95,naive_es95,diff_es95_vs_naive,sac_he,naive_he,diff_he_vs_naive,mean_h_diagnostic,turnover_h,flag_mean_pnl_better_than_naive,flag_es95_better_than_naive,flag_he_better_than_naive,flags_total,rank_score
rl_outputs/sac_portfolio_lpm/opec_sac_lpm3aware_ROLL_T2000_train2.0y_val6.0m_test6.0m_hmin0.0_hmax1.25_dh0.01_wLPM0.45_wVOL0.35_wCOST0.2_tau0.0001,rl_outputs/sac_portfolio_lpm/opec_sac_lpm3aware_ROLL_T2000_train2.0y_val6.0m_test6.0m_hmin0.0_hmax1.25_dh0.01_wLPM0.45_wVOL0.35_wCOST0.2_tau0.0001/results_all_windows.csv,0.45,0.35,0.2,0.01,0.995,2000,0.0001,0.0,1.25,50652,251924.89901761053,251676.30192371484,248.5970938956889,-6562556.668073429,-6653209.414350571,90652.74627714232,0.795640321722833,0.7943924975112011,0.0012478242116319,0.9916887206932762,0.0988773065114272,True,True,True,3,26.0
rl_outputs/sac_portfolio_lpm/opec_sac_lpm3aware_ROLL_T50000_train2.0y_val6.0m_test6.0m_hmin0.0_hmax1.25_dh0.01_wLPM0.45_wVOL0.35_wCOST0.2_tau0.0,rl_outputs/sac_portfolio_lpm/opec_sac_lpm3aware_ROLL_T50000_train2.0y_val6.0m_test6.0m_hmin0.0_hmax1.25_dh0.01_wLPM0.45_wVOL0.35_wCOST0.2_tau0.0/results_all_windows.csv,0.45,0.35,0.2,0.01,0.995,50000,0.0,0.0,1.25,50652,315708.5184205956,251676.30192371484,64032.21649688078,-6585328.2646111315,-6653209.414350571,67881.1497394396,0.7951622606629357,0.7943924975112011,0.0007697631517346,0.982532910596042,0.160968798830132,True,True,True,3,35.0
rl_outputs/sac_portfolio_lpm/opec_sac_lpm3aware_ROLL_T2000_train2.0y_val6.0m_test6.0m_hmin0.0_hmax1.25_dh0.01_wLPM0.45_wVOL0.35_wCOST0.2_tau0.0005,rl_outputs/sac_portfolio_lpm/opec_sac_lpm3aware_ROLL_T2000_train2.0y_val6.0m_test6.0m_hmin0.0_hmax1.25_dh0.01_wLPM0.45_wVOL0.35_wCOST0.2_tau0.0005/results_all_windows.csv,0.45,0.35,0.2,0.01,0.995,2000,0.0005,0.0,1.25,50652,251874.00783858495,251676.30192371484,197.70591487010824,-6581696.153659691,-6653209.414350571,71513.26069088001,0.7952586757407569,0.7943924975112011,0.0008661782295558,0.9901696763147512,0.1011891424978729,True,True,True,3,35.0
rl_outputs/sac_portfolio_lpm/opec_sac_lpm3aware_ROLL_T2000_train2.0y_val6.0m_test6.0m_hmin0.0_hmax1.25_dh0.01_wLPM0.45_wVOL0.35_wCOST0.2_tau0.0,rl_outputs/sac_portfolio_lpm/opec_sac_lpm3aware_ROLL_T2000_train2.0y_val6.0m_test6.0m_hmin0.0_hmax1.25_dh0.01_wLPM0.45_wVOL0.35_wCOST0.2_tau0.0/results_all_windows.csv,0.45,0.35,0.2,0.01,0.995,2000,0.0,0.0,1.25,50652,251212.06280186385,251676.30192371484,-464.23912185098743,-6566576.469245953,-6653209.414350571,86632.94510461856,0.79537733892755,0.7943924975112011,0.0009848414163489,0.9904555393603602,0.1008194357167766,False,True,True,2,33.0
rl_outputs/sac_portfolio_lpm/opec_sac_lpm3aware_ROLL_T2000_train2.0y_val6.0m_test6.0m_hmin0.0_hmax1.25_dh0.01_wLPM0.45_wVOL0.35_wCOST0.2_tau0.01,rl_outputs/sac_portfolio_lpm/opec_sac_lpm3aware_ROLL_T2000_train2.0y_val6.0m_test6.0m_hmin0.0_hmax1.25_dh0.01_wLPM0.45_wVOL0.35_wCOST0.2_tau0.01/results_all_windows.csv,0.45,0.35,0.2,0.01,0.995,2000,0.01,0.0,1.25,50652,251196.89893864025,251676.30192371484,-479.4029850746156,-6566566.940604026,-6653209.414350571,86642.47374654468,0.7952584747012985,0.7943924975112011,0.0008659771900974,0.9907329409582152,0.100288067918634,False,True,True,2,34.0
rl_outputs/sac_portfolio_lpm/opec_sac_lpm3aware_ROLL_T50000_train2.0y_val6.0m_test6.0m_hmin0.0_hmax1.25_dh0.01_wLPM0.45_wVOL0.35_wCOST0.2_tau0.01,rl_outputs/sac_portfolio_lpm/opec_sac_lpm3aware_ROLL_T50000_train2.0y_val6.0m_test6.0m_hmin0.0_hmax1.25_dh0.01_wLPM0.45_wVOL0.35_wCOST0.2_tau0.01/results_all_windows.csv,0.45,0.35,0.2,0.01,0.995,50000,0.01,0.0,1.25,50652,256332.7512248284,251676.30192371484,4656.449301113578,-6691698.374393998,-6653209.414350571,-38488.9600434266,0.7965326053665287,0.7943924975112011,0.0021401078553275,0.9906780611189808,0.1653033500635608,True,False,True,2,44.0
rl_outputs/sac_portfolio_lpm/opec_sac_lpm3aware_ROLL_T50000_train2.0y_val6.0m_test6.0m_hmin0.0_hmax1.25_dh0.01_wLPM0.45_wVOL0.35_wCOST0.2_tau0.0001,rl_outputs/sac_portfolio_lpm/opec_sac_lpm3aware_ROLL_T50000_train2.0y_val6.0m_test6.0m_hmin0.0_hmax1.25_dh0.01_wLPM0.45_wVOL0.35_wCOST0.2_tau0.0001/results_all_windows.csv,0.45,0.35,0.2,0.01,0.995,50000,0.0001,0.0,1.25,50652,260130.5459812052,251676.30192371484,8454.244057490345,-6683872.795266482,-6653209.414350571,-30663.380915910937,0.7948789015802831,0.7943924975112011,0.0004864040690819,0.980670679951297,0.1580150785418915,True,False,True,2,45.0
rl_outputs/sac_portfolio_lpm/opec_sac_lpm3aware_ROLL_T2000_train2.0y_val6.0m_test6.0m_hmin0.0_hmax1.25_dh0.02_wLPM0.45_wVOL0.35_wCOST0.2_tau0.01,rl_outputs/sac_portfolio_lpm/opec_sac_lpm3aware_ROLL_T2000_train2.0y_val6.0m_test6.0m_hmin0.0_hmax1.25_dh0.02_wLPM0.45_wVOL0.35_wCOST0.2_tau0.01/results_all_windows.csv,0.45,0.35,0.2,0.02,0.995,2000,0.01,0.0,1.25,50652,263131.2263097213,251676.30192371484,11454.92438600646,-6636380.208037898,-6653209.414350571,16829.206312673166,0.7895016123312625,0.7943924975112011,-0.0048908851799386,0.9762206404867528,0.1906267532246865,True,True,False,2,47.0
rl_outputs/sac_portfolio_lpm/opec_sac_lpm3aware_ROLL_T2000_train2.0y_val6.0m_test6.0m_hmin0.0_hmax1.25_dh0.02_wLPM0.45_wVOL0.35_wCOST0.2_tau0.0005,rl_outputs/sac_portfolio_lpm/opec_sac_lpm3aware_ROLL_T2000_train2.0y_val6.0m_test6.0m_hmin0.0_hmax1.25_dh0.02_wLPM0.45_wVOL0.35_wCOST0.2_tau0.0005/results_all_windows.csv,0.45,0.35,0.2,0.02,0.995,2000,0.0005,0.0,1.25,50652,270541.7962773435,251676.30192371484,18865.49435362869,-6642436.536853531,-6653209.414350571,10772.877497039735,0.7885246119957907,0.7943924975112011,-0.0058678855154103,0.9733276471707464,0.1967446392306883,True,True,False,2,50.0
rl_outputs/sac_portfolio_lpm/opec_sac_lpm3aware_ROLL_T2000_train2.0y_val6.0m_test6.0m_hmin0.0_hmax1.25_dh0.02_wLPM0.45_wVOL0.35_wCOST0.2_tau0.0,rl_outputs/sac_portfolio_lpm/opec_sac_lpm3aware_ROLL_T2000_train2.0y_val6.0m_test6.0m_hmin0.0_hmax1.25_dh0.02_wLPM0.45_wVOL0.35_wCOST0.2_tau0.0/results_all_windows.csv,0.45,0.35,0.2,0.02,0.995,2000,0.0,0.0,1.25,50652,260365.12822869787,251676.30192371484,8688.826304983028,-6655991.137378601,-6653209.414350571,-2781.7230280302465,0.7886602888631573,0.7943924975112011,-0.0057322086480438,0.9797369059102734,0.1995669420330904,True,False,False,1,55.0
rl_outputs/sac_portfolio_lpm/opec_sac_lpm3aware_ROLL_T50000_train2.0y_val6.0m_test6.0m_hmin0.0_hmax1.25_dh0.01_wLPM0.45_wVOL0.35_wCOST0.2_tau0.0005,rl_outputs/sac_portfolio_lpm/opec_sac_lpm3aware_ROLL_T50000_train2.0y_val6.0m_test6.0m_hmin0.0_hmax1.25_dh0.01_wLPM0.45_wVOL0.35_wCOST0.2_tau0.0005/results_all_windows.csv,0.45,0.35,0.2,0.01,0.995,50000,0.0005,0.0,1.25,50652,275093.52908157633,251676.30192371484,23417.22715786149,-6749902.927607578,-6653209.414350571,-96693.51325700711,0.7875312110521923,0.7943924975112011,-0.0068612864590088,0.9892802126443988,0.1591249990431918,True,False,False,1,56.0
rl_outputs/sac_portfolio_lpm/opec_sac_lpm3aware_ROLL_T2000_train2.0y_val6.0m_test6.0m_hmin0.0_hmax1.25_dh0.02_wLPM0.45_wVOL0.35_wCOST0.2_tau0.0001,rl_outputs/sac_portfolio_lpm/opec_sac_lpm3aware_ROLL_T2000_train2.0y_val6.0m_test6.0m_hmin0.0_hmax1.25_dh0.02_wLPM0.45_wVOL0.35_wCOST0.2_tau0.0001/results_all_windows.csv,0.45,0.35,0.2,0.02,,2000,0.0001,0.0,1.25,50652,261966.4732891101,251676.30192371484,10290.171365395248,-6694574.732660876,-6653209.414350571,-41365.318310304545,0.7877177621773432,0.7943924975112011,-0.0066747353338578,0.9802786045281212,0.203476958298677,True,False,False,1,62.0
rl_outputs/sac_portfolio_lpm/opec_sac_lpm3aware_ROLL_T2000_train2.0y_val6.0m_test6.0m_hmin0.0_hmax1.25_dh0.02_wLPM0.45_wVOL0.35_wCOST0.2_tau0.0001,rl_outputs/sac_portfolio_lpm/opec_sac_lpm3aware_ROLL_T2000_train2.0y_val6.0m_test6.0m_hmin0.0_hmax1.25_dh0.02_wLPM0.45_wVOL0.35_wCOST0.2_tau0.0001/results_all_windows.csv,0.45,0.35,0.2,0.02,0.995,2000,0.0001,0.0,1.25,50652,261966.4732891101,251676.30192371484,10290.171365395248,-6694574.732660876,-6653209.414350571,-41365.318310304545,0.7877177621773432,0.7943924975112011,-0.0066747353338578,0.9802786045281212,0.203476958298677,True,False,False,1,62.0
rl_outputs/sac_portfolio_lpm/opec_sac_lpm3aware_ROLL_T50000_train2.0y_val6.0m_test6.0m_hmin0.0_hmax1.25_dh0.02_wLPM0.45_wVOL0.35_wCOST0.2_tau0.0005,rl_outputs/sac_portfolio_lpm/opec_sac_lpm3aware_ROLL_T50000_train2.0y_val6.0m_test6.0m_hmin0.0_hmax1.25_dh0.02_wLPM0.45_wVOL0.35_wCOST0.2_tau0.0005/results_all_windows.csv,0.45,0.35,0.2,0.02,0.995,50000,0.0005,0.0,1.25,50652,206309.0943109849,251676.30192371484,-45367.20761272998,-6919453.5218120795,-6653209.414350571,-266244.10746150836,0.7985981546553106,0.7943924975112011,0.0042056571441094,0.8925269378237638,0.3184920532386667,False,False,True,1,73.0
rl_outputs/sac_portfolio_lpm/opec_sac_lpm3aware_ROLL_T50000_train2.0y_val6.0m_test6.0m_hmin0.0_hmax1.25_dh0.02_wLPM0.45_wVOL0.35_wCOST0.2_tau0.0,rl_outputs/sac_portfolio_lpm/opec_sac_lpm3aware_ROLL_T50000_train2.0y_val6.0m_test6.0m_hmin0.0_hmax1.25_dh0.02_wLPM0.45_wVOL0.35_wCOST0.2_tau0.0/results_all_windows.csv,0.45,0.35,0.2,0.02,0.995,50000,0.0,0.0,1.25,50652,323355.516169944,251676.30192371484,71679.21424622918,-6887755.857615475,-6653209.414350571,-234546.4432649035,0.7799839773257553,0.7943924975112011,-0.0144085201854458,0.9174509884010194,0.3389401630659573,True,False,False,1,75.0
rl_outputs/sac_portfolio_lpm/opec_sac_lpm3aware_ROLL_T50000_train2.0y_val6.0m_test6.0m_hmin0.0_hmax1.25_dh0.02_wLPM0.45_wVOL0.35_wCOST0.2_tau0.01,rl_outputs/sac_portfolio_lpm/opec_sac_lpm3aware_ROLL_T50000_train2.0y_val6.0m_test6.0m_hmin0.0_hmax1.25_dh0.02_wLPM0.45_wVOL0.35_wCOST0.2_tau0.01/results_all_windows.csv,0.45,0.35,0.2,0.02,0.995,50000,0.01,0.0,1.25,50652,204128.01755192297,251676.30192371484,-47548.28437179187,-6942894.847939202,-6653209.414350571,-289685.4335886305,0.7977147417752024,0.7943924975112011,0.0033222442640012,0.9207912694742196,0.3196069769398421,False,False,True,1,78.0
rl_outputs/sac_portfolio_lpm/opec_sac_lpm3aware_ROLL_T50000_train2.0y_val6.0m_test6.0m_hmin0.0_hmax1.25_dh0.02_wLPM0.45_wVOL0.35_wCOST0.2_tau0.0001,rl_outputs/sac_portfolio_lpm/opec_sac_lpm3aware_ROLL_T50000_train2.0y_val6.0m_test6.0m_hmin0.0_hmax1.25_dh0.02_wLPM0.45_wVOL0.35_wCOST0.2_tau0.0001/results_all_windows.csv,0.45,0.35,0.2,0.02,0.995,50000,0.0001,0.0,1.25,50652,323488.76618968666,251676.30192371484,71812.46426597182,-7081243.59508093,-6653209.414350571,-428034.1807303587,0.7742226928499276,0.7943924975112011,-0.0201698046612734,0.918341230465356,0.3251864453635725,True,False,False,1,79.0
rl_outputs/sac_portfolio_lpm/opec_sac_lpm3aware_ROLL_T2000_train2.0y_val6.0m_test6.0m_hmin0.0_hmax1.25_dh0.2_wLPM0.45_wVOL0.35_wCOST0.2_tau0.0,rl_outputs/sac_portfolio_lpm/opec_sac_lpm3aware_ROLL_T2000_train2.0y_val6.0m_test6.0m_hmin0.0_hmax1.25_dh0.2_wLPM0.45_wVOL0.35_wCOST0.2_tau0.0/results_all_windows.csv,0.45,0.35,0.2,0.2,0.995,2000,0.0,0.0,1.25,50652,376901.50428492465,251676.30192371484,125225.2023612098,-9974448.386142911,-6653209.414350571,-3321238.971792342,0.5788726076503055,0.7943924975112011,-0.2155198898608956,0.7544365500325118,1.9337242224924829,True,False,False,1,90.0
rl_outputs/sac_portfolio_lpm/opec_sac_lpm3aware_ROLL_T2000_train2.0y_val6.0m_test6.0m_hmin0.0_hmax1.25_dh0.2_wLPM0.45_wVOL0.35_wCOST0.2_tau0.0001,rl_outputs/sac_portfolio_lpm/opec_sac_lpm3aware_ROLL_T2000_train2.0y_val6.0m_test6.0m_hmin0.0_hmax1.25_dh0.2_wLPM0.45_wVOL0.35_wCOST0.2_tau0.0001/results_all_windows.csv,0.45,0.35,0.2,0.2,0.995,2000,0.0001,0.0,1.25,50652,351517.95082208,251676.30192371484,99841.64889836518,-9953491.850011842,-6653209.414350571,-3300282.435661271,0.5799604687841897,0.7943924975112011,-0.2144320287270114,0.7561986749464747,2.0079039187547494,True,False,False,1,93.0
rl_outputs/sac_portfolio_lpm/opec_sac_lpm3aware_ROLL_T2000_train2.0y_val6.0m_test6.0m_hmin0.0_hmax1.25_dh0.2_wLPM0.45_wVOL0.35_wCOST0.2_tau0.0005,rl_outputs/sac_portfolio_lpm/opec_sac_lpm3aware_ROLL_T2000_train2.0y_val6.0m_test6.0m_hmin0.0_hmax1.25_dh0.2_wLPM0.45_wVOL0.35_wCOST0.2_tau0.0005/results_all_windows.csv,0.45,0.35,0.2,0.2,0.995,2000,0.0005,0.0,1.25,50652,325389.36478401645,251676.30192371484,73713.06286030161,-10052176.498022107,-6653209.414350571,-3398967.0836715363,0.5882306443818942,0.7943924975112011,-0.2061618531293069,0.7660739784581527,1.9786538198976549,True,False,False,1,94.0
rl_outputs/sac_portfolio_lpm/opec_sac_lpm3aware_ROLL_T2000_train2.0y_val6.0m_test6.0m_hmin0.0_hmax1.25_dh0.2_wLPM0.45_wVOL0.35_wCOST0.2_tau0.01,rl_outputs/sac_portfolio_lpm/opec_sac_lpm3aware_ROLL_T2000_train2.0y_val6.0m_test6.0m_hmin0.0_hmax1.25_dh0.2_wLPM0.45_wVOL0.35_wCOST0.2_tau0.01/results_all_windows.csv,0.45,0.35,0.2,0.2,0.995,2000,0.01,0.0,1.25,50652,365839.29686962033,251676.30192371484,114162.99494590548,-10101301.960248716,-6653209.414350571,-3448092.545898145,0.5683440171293943,0.7943924975112011,-0.2260484803818068,0.7286202992376457,1.9438697049818616,True,False,False,1,95.0
rl_outputs/sac_portfolio_lpm/opec_sac_lpm3aware_ROLL_T5000_train2.0y_val6.0m_test6.0m_hmin0.0_hmax1.25_dh0.01_wLPM0.45_wVOL0.35_wCOST0.2_tau0.01,rl_outputs/sac_portfolio_lpm/opec_sac_lpm3aware_ROLL_T5000_train2.0y_val6.0m_test6.0m_hmin0.0_hmax1.25_dh0.01_wLPM0.45_wVOL0.35_wCOST0.2_tau0.01/results_all_windows.csv,0.45,0.35,0.2,0.01,0.995,5000,0.01,0.0,1.25,50652,226171.8051614942,251676.30192371484,-25504.49676222063,-6755372.496324515,-6653209.414350571,-102163.08197394386,0.7914015170141817,0.7943924975112011,-0.0029909804970194,1.0086988537223514,0.0566369864834649,False,False,False,0,51.0
rl_outputs/sac_portfolio_lpm/opec_sac_lpm3aware_ROLL_T5000_train2.0y_val6.0m_test6.0m_hmin0.0_hmax1.25_dh0.01_wLPM0.45_wVOL0.35_wCOST0.2_tau0.0001,rl_outputs/sac_portfolio_lpm/opec_sac_lpm3aware_ROLL_T5000_train2.0y_val6.0m_test6.0m_hmin0.0_hmax1.25_dh0.01_wLPM0.45_wVOL0.35_wCOST0.2_tau0.0001/results_all_windows.csv,0.45,0.35,0.2,0.01,0.995,5000,0.0001,0.0,1.25,50652,226635.51814419977,251676.30192371484,-25040.7837795151,-6771400.3048045775,-6653209.414350571,-118190.89045400638,0.7910319043200563,0.7943924975112011,-0.0033605931911447,1.0077316051552887,0.0613735981388555,False,False,False,0,53.0
rl_outputs/sac_portfolio_lpm/opec_sac_lpm3aware_ROLL_T5000_train2.0y_val6.0m_test6.0m_hmin0.0_hmax1.25_dh0.01_wLPM0.45_wVOL0.35_wCOST0.2_tau0.0,rl_outputs/sac_portfolio_lpm/opec_sac_lpm3aware_ROLL_T5000_train2.0y_val6.0m_test6.0m_hmin0.0_hmax1.25_dh0.01_wLPM0.45_wVOL0.35_wCOST0.2_tau0.0/results_all_windows.csv,0.45,0.35,0.2,0.01,0.995,5000,0.0,0.0,1.25,50652,219885.6537755667,251676.30192371484,-31790.648148148142,-6732964.035977101,-6653209.414350571,-79754.62162652984,0.792267967238361,0.7943924975112011,-0.00212453027284,1.0042634190041235,0.0675157683487401,False,False,False,0,54.0
rl_outputs/sac_portfolio_lpm/opec_sac_lpm3aware_ROLL_T5000_train2.0y_val6.0m_test6.0m_hmin0.0_hmax1.25_dh0.01_wLPM0.45_wVOL0.35_wCOST0.2_tau0.0005,rl_outputs/sac_portfolio_lpm/opec_sac_lpm3aware_ROLL_T5000_train2.0y_val6.0m_test6.0m_hmin0.0_hmax1.25_dh0.01_wLPM0.45_wVOL0.35_wCOST0.2_tau0.0005/results_all_windows.csv,0.45,0.35,0.2,0.01,0.995,5000,0.0005,0.0,1.25,50652,223867.77649530137,251676.30192371484,-27808.52542841347,-6805813.361531778,-6653209.414350571,-152603.94718120713,0.7897214403811494,0.7943924975112011,-0.0046710571300516,1.009218837423216,0.0614013905660739,False,False,False,0,58.0
rl_outputs/sac_portfolio_lpm/opec_sac_lpm3aware_ROLL_T5000_train2.0y_val6.0m_test6.0m_hmin0.0_hmax1.25_dh0.02_wLPM0.45_wVOL0.35_wCOST0.2_tau0.0001,rl_outputs/sac_portfolio_lpm/opec_sac_lpm3aware_ROLL_T5000_train2.0y_val6.0m_test6.0m_hmin0.0_hmax1.25_dh0.02_wLPM0.45_wVOL0.35_wCOST0.2_tau0.0001/results_all_windows.csv,0.45,0.35,0.2,0.02,0.995,5000,0.0001,0.0,1.25,50652,229474.95785043057,251676.30192371484,-22201.344073284272,-6814825.947572048,-6653209.414350571,-161616.5332214767,0.7882881015482013,0.7943924975112011,-0.0061043959629998,1.007452372777751,0.1284015872132375,False,False,False,0,68.0
rl_outputs/sac_portfolio_lpm/opec_sac_lpm3aware_ROLL_T5000_train2.0y_val6.0m_test6.0m_hmin0.0_hmax1.25_dh0.02_wLPM0.45_wVOL0.35_wCOST0.2_tau0.01,rl_outputs/sac_portfolio_lpm/opec_sac_lpm3aware_ROLL_T5000_train2.0y_val6.0m_test6.0m_hmin0.0_hmax1.25_dh0.02_wLPM0.45_wVOL0.35_wCOST0.2_tau0.01/results_all_windows.csv,0.45,0.35,0.2,0.02,0.995,5000,0.01,0.0,1.25,50652,227091.37418147377,251676.30192371484,-24584.927742241096,-6866992.979467034,-6653209.414350571,-213783.56511646323,0.786566493335048,0.7943924975112011,-0.007826004176153,1.0096384180549929,0.1137147416253812,False,False,False,0,72.0
rl_outputs/sac_portfolio_lpm/opec_sac_lpm3aware_ROLL_T5000_train2.0y_val6.0m_test6.0m_hmin0.0_hmax1.25_dh0.02_wLPM0.45_wVOL0.35_wCOST0.2_tau0.0005,rl_outputs/sac_portfolio_lpm/opec_sac_lpm3aware_ROLL_T5000_train2.0y_val6.0m_test6.0m_hmin0.0_hmax1.25_dh0.02_wLPM0.45_wVOL0.35_wCOST0.2_tau0.0005/results_all_windows.csv,0.45,0.35,0.2,0.02,0.995,5000,0.0005,0.0,1.25,50652,229907.1030766802,251676.30192371484,-21769.198847034655,-6924263.010450057,-6653209.414350571,-271053.59609948564,0.7854053451932015,0.7943924975112011,-0.0089871523179996,1.018012562982623,0.111912306700504,False,False,False,0,75.0
rl_outputs/sac_portfolio_lpm/opec_sac_lpm3aware_ROLL_T5000_train2.0y_val6.0m_test6.0m_hmin0.0_hmax1.25_dh0.02_wLPM0.45_wVOL0.35_wCOST0.2_tau0.0,rl_outputs/sac_portfolio_lpm/opec_sac_lpm3aware_ROLL_T5000_train2.0y_val6.0m_test6.0m_hmin0.0_hmax1.25_dh0.02_wLPM0.45_wVOL0.35_wCOST0.2_tau0.0/results_all_windows.csv,0.45,0.35,0.2,0.02,0.995,5000,0.0,0.0,1.25,50652,219979.07121219317,251676.30192371484,-31697.230711521668,-6891443.887575995,-6653209.414350571,-238234.47322542407,0.786022184458919,0.7943924975112011,-0.008370313052282,1.0122336694524543,0.116420902743172,False,False,False,0,80.0
rl_outputs/sac_portfolio_lpm/opec_sac_lpm3aware_ROLL_T5000_train2.0y_val6.0m_test6.0m_hmin0.0_hmax1.25_dh0.2_wLPM0.45_wVOL0.35_wCOST0.2_tau0.0005,rl_outputs/sac_portfolio_lpm/opec_sac_lpm3aware_ROLL_T5000_train2.0y_val6.0m_test6.0m_hmin0.0_hmax1.25_dh0.2_wLPM0.45_wVOL0.35_wCOST0.2_tau0.0005/results_all_windows.csv,0.45,0.35,0.2,0.2,0.995,5000,0.0005,0.0,1.25,50652,92960.60836768548,251676.30192371484,-158715.69355602935,-10446323.2969167,-6653209.414350571,-3793113.882566128,0.6159972278232914,0.7943924975112011,-0.1783952696879097,0.7391258891024233,1.461691402935959,False,False,False,0,115.0
rl_outputs/sac_portfolio_lpm/opec_sac_lpm3aware_ROLL_T5000_train2.0y_val6.0m_test6.0m_hmin0.0_hmax1.25_dh0.2_wLPM0.45_wVOL0.35_wCOST0.2_tau0.0001,rl_outputs/sac_portfolio_lpm/opec_sac_lpm3aware_ROLL_T5000_train2.0y_val6.0m_test6.0m_hmin0.0_hmax1.25_dh0.2_wLPM0.45_wVOL0.35_wCOST0.2_tau0.0001/results_all_windows.csv,0.45,0.35,0.2,0.2,0.995,5000,0.0001,0.0,1.25,50652,78456.29442154319,251676.30192371484,-173220.00750217165,-10659296.607726015,-6653209.414350571,-4006087.193375446,0.6026805437899114,0.7943924975112011,-0.1917119537212896,0.7316274767446652,1.4456129977617402,False,False,False,0,117.0
rl_outputs/sac_portfolio_lpm/opec_sac_lpm3aware_ROLL_T5000_train2.0y_val6.0m_test6.0m_hmin0.0_hmax1.25_dh0.2_wLPM0.45_wVOL0.35_wCOST0.2_tau0.0,rl_outputs/sac_portfolio_lpm/opec_sac_lpm3aware_ROLL_T5000_train2.0y_val6.0m_test6.0m_hmin0.0_hmax1.25_dh0.2_wLPM0.45_wVOL0.35_wCOST0.2_tau0.0/results_all_windows.csv,0.45,0.35,0.2,0.2,0.995,5000,0.0,0.0,1.25,50652,112738.10836768542,251676.30192371484,-138938.1935560294,-10748868.995673114,-6653209.414350571,-4095659.5813225433,0.5996383704488832,0.7943924975112011,-0.1947541270623178,0.7316813885000445,1.4707690210246749,False,False,False,0,119.0
rl_outputs/sac_portfolio_lpm/opec_sac_lpm3aware_ROLL_T5000_train2.0y_val6.0m_test6.0m_hmin0.0_hmax1.25_dh0.2_wLPM0.45_wVOL0.35_wCOST0.2_tau0.01,rl_outputs/sac_portfolio_lpm/opec_sac_lpm3aware_ROLL_T5000_train2.0y_val6.0m_test6.0m_hmin0.0_hmax1.25_dh0.2_wLPM0.45_wVOL0.35_wCOST0.2_tau0.01/results_all_windows.csv,0.45,0.35,0.2,0.2,0.995,5000,0.01,0.0,1.25,50652,73848.27341546252,251676.30192371484,-177828.02850825232,-10711210.78693644,-6653209.414350571,-4058001.372585869,0.595730404414337,0.7943924975112011,-0.1986620930968641,0.734477581173786,1.495016100962301,False,False,False,0,124.0
rl_outputs/sac_portfolio_lpm/opec_sac_lpm3aware_ROLL_T50000_train2.0y_val6.0m_test6.0m_hmin0.0_hmax1.25_dh0.2_wLPM0.45_wVOL0.35_wCOST0.2_tau0.0001,rl_outputs/sac_portfolio_lpm/opec_sac_lpm3aware_ROLL_T50000_train2.0y_val6.0m_test6.0m_hmin0.0_hmax1.25_dh0.2_wLPM0.45_wVOL0.35_wCOST0.2_tau0.0001/results_all_windows.csv,0.45,0.35,0.2,0.2,0.995,50000,0.0001,0.0,1.25,50652,-75134.93692174052,251676.30192371484,-326811.23884545534,-14111244.823987368,-6653209.414350571,-7458035.409636797,0.4049460528928832,0.7943924975112011,-0.3894464446183179,0.5328693521900906,3.066049822899083,False,False,False,0,140.0
rl_outputs/sac_portfolio_lpm/opec_sac_lpm3aware_ROLL_T50000_train2.0y_val6.0m_test6.0m_hmin0.0_hmax1.25_dh0.2_wLPM0.45_wVOL0.35_wCOST0.2_tau0.0,rl_outputs/sac_portfolio_lpm/opec_sac_lpm3aware_ROLL_T50000_train2.0y_val6.0m_test6.0m_hmin0.0_hmax1.25_dh0.2_wLPM0.45_wVOL0.35_wCOST0.2_tau0.0/results_all_windows.csv,0.45,0.35,0.2,0.2,0.995,50000,0.0,0.0,1.25,50652,94253.58021479905,251676.30192371484,-157422.7217089158,-15651112.41894986,-6653209.414350571,-8997903.00459929,0.3096882437901391,0.7943924975112011,-0.4847042537210619,0.4454403886485171,3.0609595654495982,False,False,False,0,141.0
rl_outputs/sac_portfolio_lpm/opec_sac_lpm3aware_ROLL_T50000_train2.0y_val6.0m_test6.0m_hmin0.0_hmax1.25_dh0.2_wLPM0.45_wVOL0.35_wCOST0.2_tau0.0005,rl_outputs/sac_portfolio_lpm/opec_sac_lpm3aware_ROLL_T50000_train2.0y_val6.0m_test6.0m_hmin0.0_hmax1.25_dh0.2_wLPM0.45_wVOL0.35_wCOST0.2_tau0.0005/results_all_windows.csv,0.45,0.35,0.2,0.2,0.995,50000,0.0005,0.0,1.25,50652,-126761.68729684906,251676.30192371484,-378437.9892205639,-15185694.583035927,-6653209.414350571,-8532485.168685356,0.3572905946727329,0.7943924975112011,-0.4371019028384681,0.5412628227792351,2.9685734428353285,False,False,False,0,141.0
rl_outputs/sac_portfolio_lpm/opec_sac_lpm3aware_ROLL_T50000_train2.0y_val6.0m_test6.0m_hmin0.0_hmax1.25_dh0.2_wLPM0.45_wVOL0.35_wCOST0.2_tau0.01,rl_outputs/sac_portfolio_lpm/opec_sac_lpm3aware_ROLL_T50000_train2.0y_val6.0m_test6.0m_hmin0.0_hmax1.25_dh0.2_wLPM0.45_wVOL0.35_wCOST0.2_tau0.01/results_all_windows.csv,0.45,0.35,0.2,0.2,0.995,50000,0.01,0.0,1.25,50652,-129183.15574824308,251676.30192371484,-380859.4576719579,-15308292.928634033,-6653209.414350571,-8655083.514283461,0.3595720637992259,0.7943924975112011,-0.4348204337119752,0.4545958282035496,3.0508135171188067,False,False,False,0,143.0
